{
  "affirm": {
    "precision": 1.0,
    "recall": 1.0,
    "f1-score": 1.0,
    "support": 6,
    "confused_with": {}
  },
  "greet": {
    "precision": 0.8666666666666667,
    "recall": 1.0,
    "f1-score": 0.9285714285714286,
    "support": 13,
    "confused_with": {}
  },
  "mood_unhappy": {
    "precision": 1.0,
    "recall": 1.0,
    "f1-score": 1.0,
    "support": 15,
    "confused_with": {}
  },
  "mood_great": {
    "precision": 1.0,
    "recall": 1.0,
    "f1-score": 1.0,
    "support": 15,
    "confused_with": {}
  },
  "deny": {
    "precision": 1.0,
    "recall": 1.0,
    "f1-score": 1.0,
    "support": 7,
    "confused_with": {}
  },
  "goodbye": {
    "precision": 1.0,
    "recall": 1.0,
    "f1-score": 1.0,
    "support": 14,
    "confused_with": {}
  },
  "money_transfer": {
    "precision": 1.0,
    "recall": 0.9354838709677419,
    "f1-score": 0.9666666666666666,
    "support": 31,
    "confused_with": {
      "greet": 2
    }
  },
  "bot_challenge": {
    "precision": 1.0,
    "recall": 1.0,
    "f1-score": 1.0,
    "support": 4,
    "confused_with": {}
  },
  "need_help": {
    "precision": 1.0,
    "recall": 1.0,
    "f1-score": 1.0,
    "support": 3,
    "confused_with": {}
  },
  "accuracy": 0.9814814814814815,
  "macro avg": {
    "precision": 0.9851851851851853,
    "recall": 0.992831541218638,
    "f1-score": 0.9883597883597884,
    "support": 108
  },
  "weighted avg": {
    "precision": 0.9839506172839506,
    "recall": 0.9814814814814815,
    "f1-score": 0.9818342151675485,
    "support": 108
  },
  "micro avg": {
    "precision": 0.9814814814814815,
    "recall": 0.9814814814814815,
    "f1-score": 0.9814814814814815,
    "support": 108
  }
}